{"target_ave_scores": 300, "epoch": 999, "_timestamp": 1706087729.2724864, "_runtime": 7391.738274335861, "_step": 2999, "total_points": -2.3603118998553896, "av_latest_points": 209.27934442748276, "_wandb": {"runtime": 7389}}