{"target_ave_scores": 300, "epoch": 146, "_timestamp": 1706088467.7679749, "_runtime": 452.2693178653717, "_step": 440, "total_points": -65.04404489251633, "av_latest_points": -90.62635808136265}