{"target_ave_scores": 300, "epoch": 999, "_timestamp": 1706014859.380581, "_runtime": 6416.9298548698425, "_step": 2999, "total_points": 280.08067826632816, "av_latest_points": 199.80220248039208, "_wandb": {"runtime": 6413}}